time_of_day_id,time,time_bin,time_of_day
1,04:00:00,04:00–06:00,Night
2,06:15:00,06:00–08:00,Day
3,09:43:00,08:00–10:00,Day
4,10:35:00,10:00–12:00,Day
5,13:00:00,12:00–14:00,Day
6,13:39:00,12:00–14:00,Day
7,17:15:00,16:00–18:00,Day
8,19:00:00,18:00–20:00,Night
9,19:30:00,18:00–20:00,Night
10,19:40:00,18:00–20:00,Night
11,22:42:00,22:00–00:00,Night
12,23:00:00,22:00–00:00,Night
13,23:10:00,22:00–00:00,Night
14,01:00:00,00:00–02:00,Night
15,09:00:00,08:00–10:00,Day
16,10:20:00,10:00–12:00,Day
17,10:48:00,10:00–12:00,Day
18,12:05:00,12:00–14:00,Day
19,13:58:00,12:00–14:00,Day
20,14:00:00,14:00–16:00,Day
21,14:43:00,14:00–16:00,Day
22,15:52:00,14:00–16:00,Day
23,16:00:00,16:00–18:00,Day
24,19:35:00,18:00–20:00,Night
25,21:04:00,20:00–22:00,Night
26,21:38:00,20:00–22:00,Night
27,02:27:00,02:00–04:00,Night
28,03:30:00,02:00–04:00,Night
29,04:20:00,04:00–06:00,Night
30,08:13:00,08:00–10:00,Day
31,10:25:00,10:00–12:00,Day
32,10:36:00,10:00–12:00,Day
33,11:40:00,10:00–12:00,Day
34,12:10:00,12:00–14:00,Day
35,14:50:00,14:00–16:00,Day
36,15:00:00,14:00–16:00,Day
37,15:10:00,14:00–16:00,Day
38,15:18:00,14:00–16:00,Day
39,15:25:00,14:00–16:00,Day
40,16:10:00,16:00–18:00,Day
41,20:47:00,20:00–22:00,Night
42,21:30:00,20:00–22:00,Night
43,22:40:00,22:00–00:00,Night
44,02:00:00,02:00–04:00,Night
45,06:35:00,06:00–08:00,Day
46,08:09:00,08:00–10:00,Day
47,08:20:00,08:00–10:00,Day
48,11:20:00,10:00–12:00,Day
49,12:00:00,12:00–14:00,Day
50,12:07:00,12:00–14:00,Day
51,12:35:00,12:00–14:00,Day
52,12:50:00,12:00–14:00,Day
53,13:25:00,12:00–14:00,Day
54,14:15:00,14:00–16:00,Day
55,14:45:00,14:00–16:00,Day
56,14:48:00,14:00–16:00,Day
57,17:00:00,16:00–18:00,Day
58,17:48:00,16:00–18:00,Day
59,18:20:00,18:00–20:00,Night
60,22:19:00,22:00–00:00,Night
61,23:12:00,22:00–00:00,Night
62,01:39:00,00:00–02:00,Night
63,09:50:00,08:00–10:00,Day
64,12:28:00,12:00–14:00,Day
65,15:40:00,14:00–16:00,Day
66,17:25:00,16:00–18:00,Day
67,06:54:00,06:00–08:00,Day
68,08:30:00,08:00–10:00,Day
69,11:00:00,10:00–12:00,Day
70,13:20:00,12:00–14:00,Day
71,13:30:00,12:00–14:00,Day
72,17:58:00,16:00–18:00,Day
73,18:30:00,18:00–20:00,Night
74,21:10:00,20:00–22:00,Night
75,22:55:00,22:00–00:00,Night
76,23:55:00,22:00–00:00,Night
77,00:00:00,00:00–02:00,Night
78,12:25:00,12:00–14:00,Day
79,12:54:00,12:00–14:00,Day
80,19:05:00,18:00–20:00,Night
81,04:44:00,04:00–06:00,Night
82,07:05:00,06:00–08:00,Day
83,07:10:00,06:00–08:00,Day
84,10:00:00,10:00–12:00,Day
85,10:50:00,10:00–12:00,Day
86,10:54:00,10:00–12:00,Day
87,12:42:00,12:00–14:00,Day
88,14:30:00,14:00–16:00,Day
89,17:30:00,16:00–18:00,Day
90,18:00:00,18:00–20:00,Night
91,20:00:00,20:00–22:00,Night
92,21:45:00,20:00–22:00,Night
93,22:35:00,22:00–00:00,Night
94,03:15:00,02:00–04:00,Night
95,06:00:00,06:00–08:00,Day
96,06:23:00,06:00–08:00,Day
97,10:56:00,10:00–12:00,Day
98,11:30:00,10:00–12:00,Day
99,12:12:00,12:00–14:00,Day
100,14:20:00,14:00–16:00,Day
101,15:05:00,14:00–16:00,Day
102,15:07:00,14:00–16:00,Day
103,15:08:00,14:00–16:00,Day
104,15:38:00,14:00–16:00,Day
105,16:30:00,16:00–18:00,Day
106,17:57:00,16:00–18:00,Day
107,03:45:00,02:00–04:00,Night
108,05:20:00,04:00–06:00,Night
109,09:25:00,08:00–10:00,Day
110,10:10:00,10:00–12:00,Day
111,11:05:00,10:00–12:00,Day
112,11:10:00,10:00–12:00,Day
113,11:25:00,10:00–12:00,Day
114,15:35:00,14:00–16:00,Day
115,17:20:00,16:00–18:00,Day
116,17:45:00,16:00–18:00,Day
117,18:38:00,18:00–20:00,Night
118,18:39:00,18:00–20:00,Night
119,21:00:00,20:00–22:00,Night
120,21:35:00,20:00–22:00,Night
121,23:14:00,22:00–00:00,Night
122,23:23:00,22:00–00:00,Night
123,23:24:00,22:00–00:00,Night
124,01:30:00,00:00–02:00,Night
125,02:10:00,02:00–04:00,Night
126,03:00:00,02:00–04:00,Night
127,07:15:00,06:00–08:00,Day
128,08:10:00,08:00–10:00,Day
129,09:40:00,08:00–10:00,Day
130,10:40:00,10:00–12:00,Day
131,11:04:00,10:00–12:00,Day
132,12:30:00,12:00–14:00,Day
133,17:10:00,16:00–18:00,Day
134,00:01:00,00:00–02:00,Night
135,04:02:00,04:00–06:00,Night
136,05:45:00,04:00–06:00,Night
137,12:20:00,12:00–14:00,Day
138,16:05:00,16:00–18:00,Day
139,17:44:00,16:00–18:00,Day
140,18:15:00,18:00–20:00,Night
141,05:00:00,04:00–06:00,Night
142,08:25:00,08:00–10:00,Day
143,08:40:00,08:00–10:00,Day
144,10:45:00,10:00–12:00,Day
145,11:48:00,10:00–12:00,Day
146,11:58:00,10:00–12:00,Day
147,12:37:00,12:00–14:00,Day
148,12:55:00,12:00–14:00,Day
149,14:33:00,14:00–16:00,Day
150,16:40:00,16:00–18:00,Day
151,17:03:00,16:00–18:00,Day
152,18:09:00,18:00–20:00,Night
153,20:10:00,20:00–22:00,Night
154,23:40:00,22:00–00:00,Night
155,01:40:00,00:00–02:00,Night
156,21:50:00,20:00–22:00,Night
157,22:08:00,22:00–00:00,Night
158,23:49:00,22:00–00:00,Night
159,06:50:00,06:00–08:00,Day
160,11:22:00,10:00–12:00,Day
161,15:50:00,14:00–16:00,Day
162,16:22:00,16:00–18:00,Day
163,16:58:00,16:00–18:00,Day
164,17:50:00,16:00–18:00,Day
165,19:57:00,18:00–20:00,Night
166,22:20:00,22:00–00:00,Night
167,22:45:00,22:00–00:00,Night
168,23:38:00,22:00–00:00,Night
169,00:25:00,00:00–02:00,Night
170,06:30:00,06:00–08:00,Day
171,08:00:00,08:00–10:00,Day
172,10:24:00,10:00–12:00,Day
173,14:37:00,14:00–16:00,Day
174,14:40:00,14:00–16:00,Day
175,16:20:00,16:00–18:00,Day
176,05:06:00,04:00–06:00,Night
177,05:12:00,04:00–06:00,Night
178,13:10:00,12:00–14:00,Day
179,16:46:00,16:00–18:00,Day
180,16:57:00,16:00–18:00,Day
181,19:15:00,18:00–20:00,Night
182,00:23:00,00:00–02:00,Night
183,01:15:00,00:00–02:00,Night
184,07:55:00,06:00–08:00,Day
185,09:49:00,08:00–10:00,Day
186,11:15:00,10:00–12:00,Day
187,13:29:00,12:00–14:00,Day
188,13:46:00,12:00–14:00,Day
189,14:42:00,14:00–16:00,Day
190,14:51:00,14:00–16:00,Day
191,16:45:00,16:00–18:00,Day
192,03:38:00,02:00–04:00,Night
193,04:50:00,04:00–06:00,Night
194,08:28:00,08:00–10:00,Day
195,13:54:00,12:00–14:00,Day
196,15:15:00,14:00–16:00,Day
197,16:35:00,16:00–18:00,Day
198,17:31:00,16:00–18:00,Day
199,18:19:00,18:00–20:00,Night
200,21:07:00,20:00–22:00,Night
201,00:18:00,00:00–02:00,Night
202,05:15:00,04:00–06:00,Night
203,20:20:00,20:00–22:00,Night
204,21:24:00,20:00–22:00,Night
205,04:59:00,04:00–06:00,Night
206,13:21:00,12:00–14:00,Day
207,13:45:00,12:00–14:00,Day
208,15:34:00,14:00–16:00,Day
209,18:45:00,18:00–20:00,Night
210,21:27:00,20:00–22:00,Night
211,23:30:00,22:00–00:00,Night
212,02:42:00,02:00–04:00,Night
213,08:56:00,08:00–10:00,Day
214,12:18:00,12:00–14:00,Day
215,12:40:00,12:00–14:00,Day
216,20:18:00,20:00–22:00,Night
217,20:30:00,20:00–22:00,Night
218,20:33:00,20:00–22:00,Night
219,21:22:00,20:00–22:00,Night
220,10:09:00,10:00–12:00,Day
221,11:50:00,10:00–12:00,Day
222,17:38:00,16:00–18:00,Day
223,04:40:00,04:00–06:00,Night
224,09:15:00,08:00–10:00,Day
225,10:05:00,10:00–12:00,Day
226,11:27:00,10:00–12:00,Day
227,15:47:00,14:00–16:00,Day
228,17:35:00,16:00–18:00,Day
229,19:06:00,18:00–20:00,Night
230,22:18:00,22:00–00:00,Night
231,07:20:00,06:00–08:00,Day
232,10:04:00,10:00–12:00,Day
233,12:59:00,12:00–14:00,Day
234,19:45:00,18:00–20:00,Night
235,21:20:00,20:00–22:00,Night
236,21:23:00,20:00–22:00,Night
237,01:41:00,00:00–02:00,Night
238,05:25:00,04:00–06:00,Night
239,07:04:00,06:00–08:00,Day
240,12:17:00,12:00–14:00,Day
241,12:45:00,12:00–14:00,Day
242,21:05:00,20:00–22:00,Night
243,08:31:00,08:00–10:00,Day
244,12:36:00,12:00–14:00,Day
245,19:37:00,18:00–20:00,Night
246,22:50:00,22:00–00:00,Night
247,09:56:00,08:00–10:00,Day
248,13:11:00,12:00–14:00,Day
249,15:20:00,14:00–16:00,Day
250,16:50:00,16:00–18:00,Day
251,17:46:00,16:00–18:00,Day
252,18:27:00,18:00–20:00,Night
253,18:40:00,18:00–20:00,Night
254,22:06:00,22:00–00:00,Night
255,08:59:00,08:00–10:00,Day
256,18:54:00,18:00–20:00,Night
257,19:55:00,18:00–20:00,Night
258,00:48:00,00:00–02:00,Night
259,05:38:00,04:00–06:00,Night
260,07:00:00,06:00–08:00,Day
261,09:30:00,08:00–10:00,Day
262,10:23:00,10:00–12:00,Day
263,15:45:00,14:00–16:00,Day
264,17:01:00,16:00–18:00,Day
265,17:40:00,16:00–18:00,Day
266,19:48:00,18:00–20:00,Night
267,00:55:00,00:00–02:00,Night
268,14:54:00,14:00–16:00,Day
269,18:16:00,18:00–20:00,Night
270,19:14:00,18:00–20:00,Night
271,22:49:00,22:00–00:00,Night
272,23:25:00,22:00–00:00,Night
273,00:40:00,00:00–02:00,Night
274,01:55:00,00:00–02:00,Night
275,06:48:00,06:00–08:00,Day
276,19:13:00,18:00–20:00,Night
277,15:31:00,14:00–16:00,Day
278,15:55:00,14:00–16:00,Day
279,18:25:00,18:00–20:00,Night
280,21:52:00,20:00–22:00,Night
281,04:58:00,04:00–06:00,Night
282,06:40:00,06:00–08:00,Day
283,19:54:00,18:00–20:00,Night
284,20:40:00,20:00–22:00,Night
285,20:55:00,20:00–22:00,Night
286,09:35:00,08:00–10:00,Day
287,19:32:00,18:00–20:00,Night
288,22:41:00,22:00–00:00,Night
289,22:52:00,22:00–00:00,Night
290,11:46:00,10:00–12:00,Day
291,12:02:00,12:00–14:00,Day
292,12:38:00,12:00–14:00,Day
293,08:05:00,08:00–10:00,Day
294,08:15:00,08:00–10:00,Day
295,11:28:00,10:00–12:00,Day
296,12:08:00,12:00–14:00,Day
297,13:24:00,12:00–14:00,Day
298,19:20:00,18:00–20:00,Night
299,20:37:00,20:00–22:00,Night
300,22:00:00,22:00–00:00,Night
301,23:28:00,22:00–00:00,Night
302,00:30:00,00:00–02:00,Night
303,09:07:00,08:00–10:00,Day
304,10:30:00,10:00–12:00,Day
305,19:25:00,18:00–20:00,Night
306,23:39:00,22:00–00:00,Night
307,04:07:00,04:00–06:00,Night
308,07:49:00,06:00–08:00,Day
309,09:26:00,08:00–10:00,Day
310,10:41:00,10:00–12:00,Day
311,19:07:00,18:00–20:00,Night
312,09:55:00,08:00–10:00,Day
313,11:53:00,10:00–12:00,Day
314,16:13:00,16:00–18:00,Day
315,17:34:00,16:00–18:00,Day
316,06:20:00,06:00–08:00,Day
317,08:21:00,08:00–10:00,Day
318,11:45:00,10:00–12:00,Day
319,14:10:00,14:00–16:00,Day
320,14:13:00,14:00–16:00,Day
321,15:30:00,14:00–16:00,Day
322,18:59:00,18:00–20:00,Night
323,20:56:00,20:00–22:00,Night
324,01:35:00,00:00–02:00,Night
325,04:04:00,04:00–06:00,Night
326,06:05:00,06:00–08:00,Day
327,06:10:00,06:00–08:00,Day
328,13:59:00,12:00–14:00,Day
329,17:05:00,16:00–18:00,Day
330,22:22:00,22:00–00:00,Night
331,08:55:00,08:00–10:00,Day
332,14:39:00,14:00–16:00,Day
333,16:48:00,16:00–18:00,Day
334,19:08:00,18:00–20:00,Night
335,13:38:00,12:00–14:00,Day
336,19:10:00,18:00–20:00,Night
337,21:19:00,20:00–22:00,Night
338,22:30:00,22:00–00:00,Night
339,03:55:00,02:00–04:00,Night
340,09:13:00,08:00–10:00,Day
341,12:09:00,12:00–14:00,Day
342,12:15:00,12:00–14:00,Day
343,14:02:00,14:00–16:00,Day
344,16:15:00,16:00–18:00,Day
345,20:19:00,20:00–22:00,Night
346,23:15:00,22:00–00:00,Night
347,10:08:00,10:00–12:00,Day
348,17:19:00,16:00–18:00,Day
349,18:14:00,18:00–20:00,Night
350,19:18:00,18:00–20:00,Night
351,,,
352,05:55:00,04:00–06:00,Night
353,07:40:00,06:00–08:00,Day
354,11:29:00,10:00–12:00,Day
355,00:41:00,00:00–02:00,Night
356,03:23:00,02:00–04:00,Night
357,11:39:00,10:00–12:00,Day
358,13:35:00,12:00–14:00,Day
359,21:12:00,20:00–22:00,Night
360,21:53:00,20:00–22:00,Night
361,18:10:00,18:00–20:00,Night
362,18:55:00,18:00–20:00,Night
363,03:56:00,02:00–04:00,Night
364,09:45:00,08:00–10:00,Day
365,17:54:00,16:00–18:00,Day
366,19:53:00,18:00–20:00,Night
367,16:36:00,16:00–18:00,Day
368,05:47:00,04:00–06:00,Night
369,16:32:00,16:00–18:00,Day
370,19:09:00,18:00–20:00,Night
371,22:25:00,22:00–00:00,Night
372,22:38:00,22:00–00:00,Night
373,07:25:00,06:00–08:00,Day
374,12:34:00,12:00–14:00,Day
375,20:49:00,20:00–22:00,Night
376,06:29:00,06:00–08:00,Day
377,07:14:00,06:00–08:00,Day
378,11:12:00,10:00–12:00,Day
379,22:48:00,22:00–00:00,Night
380,00:42:00,00:00–02:00,Night
381,04:42:00,04:00–06:00,Night
382,05:37:00,04:00–06:00,Night
383,15:11:00,14:00–16:00,Day
384,16:08:00,16:00–18:00,Day
385,18:26:00,18:00–20:00,Night
386,20:43:00,20:00–22:00,Night
387,21:57:00,20:00–22:00,Night
388,23:50:00,22:00–00:00,Night
389,00:31:00,00:00–02:00,Night
390,01:12:00,00:00–02:00,Night
391,12:48:00,12:00–14:00,Day
392,13:15:00,12:00–14:00,Day
393,15:06:00,14:00–16:00,Day
394,18:36:00,18:00–20:00,Night
395,04:25:00,04:00–06:00,Night
396,07:22:00,06:00–08:00,Day
397,14:23:00,14:00–16:00,Day
398,19:33:00,18:00–20:00,Night
399,01:06:00,00:00–02:00,Night
400,01:16:00,00:00–02:00,Night
401,02:30:00,02:00–04:00,Night
402,07:30:00,06:00–08:00,Day
403,22:26:00,22:00–00:00,Night
404,00:17:00,00:00–02:00,Night
405,09:03:00,08:00–10:00,Day
406,09:12:00,08:00–10:00,Day
407,13:53:00,12:00–14:00,Day
408,14:35:00,14:00–16:00,Day
409,02:09:00,02:00–04:00,Night
410,07:35:00,06:00–08:00,Day
411,08:49:00,08:00–10:00,Day
412,09:41:00,08:00–10:00,Day
413,11:36:00,10:00–12:00,Day
414,12:04:00,12:00–14:00,Day
415,13:33:00,12:00–14:00,Day
416,13:55:00,12:00–14:00,Day
417,18:56:00,18:00–20:00,Night
418,12:03:00,12:00–14:00,Day
419,14:38:00,14:00–16:00,Day
420,04:45:00,04:00–06:00,Night
421,01:19:00,00:00–02:00,Night
422,01:45:00,00:00–02:00,Night
423,03:25:00,02:00–04:00,Night
424,03:40:00,02:00–04:00,Night
425,05:50:00,04:00–06:00,Night
426,11:24:00,10:00–12:00,Day
427,13:05:00,12:00–14:00,Day
428,13:13:00,12:00–14:00,Day
429,14:05:00,14:00–16:00,Day
430,14:55:00,14:00–16:00,Day
431,15:58:00,14:00–16:00,Day
432,17:04:00,16:00–18:00,Day
433,17:27:00,16:00–18:00,Day
434,23:07:00,22:00–00:00,Night
435,23:35:00,22:00–00:00,Night
436,02:17:00,02:00–04:00,Night
437,06:25:00,06:00–08:00,Day
438,08:08:00,08:00–10:00,Day
439,11:13:00,10:00–12:00,Day
440,13:32:00,12:00–14:00,Day
441,14:01:00,14:00–16:00,Day
442,22:10:00,22:00–00:00,Night
443,07:29:00,06:00–08:00,Day
444,09:34:00,08:00–10:00,Day
445,19:50:00,18:00–20:00,Night
446,20:17:00,20:00–22:00,Night
447,21:17:00,20:00–22:00,Night
448,00:50:00,00:00–02:00,Night
449,05:58:00,04:00–06:00,Night
450,20:50:00,20:00–22:00,Night
451,05:46:00,04:00–06:00,Night
452,07:54:00,06:00–08:00,Day
453,02:04:00,02:00–04:00,Night
454,14:34:00,14:00–16:00,Day
455,03:48:00,02:00–04:00,Night
456,07:17:00,06:00–08:00,Day
457,09:14:00,08:00–10:00,Day
458,16:19:00,16:00–18:00,Day
459,20:26:00,20:00–22:00,Night
460,02:58:00,02:00–04:00,Night
461,05:30:00,04:00–06:00,Night
462,10:55:00,10:00–12:00,Day
463,16:25:00,16:00–18:00,Day
464,17:24:00,16:00–18:00,Day
465,21:15:00,20:00–22:00,Night
466,11:38:00,10:00–12:00,Day
467,13:49:00,12:00–14:00,Day
468,14:16:00,14:00–16:00,Day
469,19:58:00,18:00–20:00,Night
470,00:09:00,00:00–02:00,Night
471,12:01:00,12:00–14:00,Day
472,14:25:00,14:00–16:00,Day
473,02:25:00,02:00–04:00,Night
474,17:09:00,16:00–18:00,Day
475,20:15:00,20:00–22:00,Night
476,06:51:00,06:00–08:00,Day
477,08:14:00,08:00–10:00,Day
478,09:10:00,08:00–10:00,Day
479,13:22:00,12:00–14:00,Day
480,07:59:00,06:00–08:00,Day
481,13:42:00,12:00–14:00,Day
482,20:06:00,20:00–22:00,Night
483,16:14:00,16:00–18:00,Day
484,00:15:00,00:00–02:00,Night
485,21:40:00,20:00–22:00,Night
486,09:16:00,08:00–10:00,Day
487,15:57:00,14:00–16:00,Day
488,21:46:00,20:00–22:00,Night
489,00:35:00,00:00–02:00,Night
490,02:11:00,02:00–04:00,Night
491,16:26:00,16:00–18:00,Day
492,00:05:00,00:00–02:00,Night
493,00:10:00,00:00–02:00,Night
494,08:45:00,08:00–10:00,Day
495,10:11:00,10:00–12:00,Day
496,11:21:00,10:00–12:00,Day
497,05:35:00,04:00–06:00,Night
498,07:19:00,06:00–08:00,Day
499,09:57:00,08:00–10:00,Day
500,16:28:00,16:00–18:00,Day
501,04:30:00,04:00–06:00,Night
502,11:55:00,10:00–12:00,Day
503,13:40:00,12:00–14:00,Day
504,14:44:00,14:00–16:00,Day
505,20:12:00,20:00–22:00,Night
506,21:01:00,20:00–22:00,Night
507,21:31:00,20:00–22:00,Night
508,23:42:00,22:00–00:00,Night
509,01:42:00,00:00–02:00,Night
510,04:15:00,04:00–06:00,Night
511,16:55:00,16:00–18:00,Day
512,10:15:00,10:00–12:00,Day
513,12:16:00,12:00–14:00,Day
514,12:43:00,12:00–14:00,Day
515,15:24:00,14:00–16:00,Day
516,23:18:00,22:00–00:00,Night
517,17:18:00,16:00–18:00,Day
518,18:29:00,18:00–20:00,Night
519,19:19:00,18:00–20:00,Night
520,20:09:00,20:00–22:00,Night
521,22:15:00,22:00–00:00,Night
522,06:58:00,06:00–08:00,Day
523,10:28:00,10:00–12:00,Day
524,14:04:00,14:00–16:00,Day
525,15:19:00,14:00–16:00,Day
526,21:16:00,20:00–22:00,Night
527,07:21:00,06:00–08:00,Day
528,08:48:00,08:00–10:00,Day
529,10:01:00,10:00–12:00,Day
530,15:21:00,14:00–16:00,Day
531,02:05:00,02:00–04:00,Night
532,12:46:00,12:00–14:00,Day
533,13:17:00,12:00–14:00,Day
534,06:24:00,06:00–08:00,Day
535,20:28:00,20:00–22:00,Night
536,02:20:00,02:00–04:00,Night
537,09:24:00,08:00–10:00,Day
538,11:35:00,10:00–12:00,Day
539,13:19:00,12:00–14:00,Day
540,21:09:00,20:00–22:00,Night
541,23:20:00,22:00–00:00,Night
542,14:11:00,14:00–16:00,Day
543,03:20:00,02:00–04:00,Night
544,05:03:00,04:00–06:00,Night
545,06:45:00,06:00–08:00,Day
546,13:50:00,12:00–14:00,Day
547,14:18:00,14:00–16:00,Day
548,21:58:00,20:00–22:00,Night
549,23:45:00,22:00–00:00,Night
550,05:33:00,04:00–06:00,Night
551,14:56:00,14:00–16:00,Day
552,18:07:00,18:00–20:00,Night
553,20:16:00,20:00–22:00,Night
554,10:07:00,10:00–12:00,Day
555,11:18:00,10:00–12:00,Day
556,15:37:00,14:00–16:00,Day
557,18:50:00,18:00–20:00,Night
558,23:17:00,22:00–00:00,Night
559,01:37:00,00:00–02:00,Night
560,05:10:00,04:00–06:00,Night
561,08:19:00,08:00–10:00,Day
562,07:50:00,06:00–08:00,Day
563,09:09:00,08:00–10:00,Day
564,16:01:00,16:00–18:00,Day
565,18:46:00,18:00–20:00,Night
566,06:31:00,06:00–08:00,Day
567,08:58:00,08:00–10:00,Day
568,23:08:00,22:00–00:00,Night
569,17:08:00,16:00–18:00,Day
570,12:22:00,12:00–14:00,Day
571,04:10:00,04:00–06:00,Night
572,15:43:00,14:00–16:00,Day
573,16:53:00,16:00–18:00,Day
574,02:47:00,02:00–04:00,Night
575,20:45:00,20:00–22:00,Night
576,21:21:00,20:00–22:00,Night
577,01:07:00,00:00–02:00,Night
578,03:08:00,02:00–04:00,Night
579,05:09:00,04:00–06:00,Night
580,11:03:00,10:00–12:00,Day
581,14:52:00,14:00–16:00,Day
582,22:02:00,22:00–00:00,Night
583,22:47:00,22:00–00:00,Night
584,20:05:00,20:00–22:00,Night
585,22:57:00,22:00–00:00,Night
586,12:19:00,12:00–14:00,Day
587,16:52:00,16:00–18:00,Day
588,00:44:00,00:00–02:00,Night
589,02:40:00,02:00–04:00,Night
590,03:31:00,02:00–04:00,Night
591,07:31:00,06:00–08:00,Day
592,14:24:00,14:00–16:00,Day
593,01:22:00,00:00–02:00,Night
594,03:03:00,02:00–04:00,Night
595,09:53:00,08:00–10:00,Day
596,11:44:00,10:00–12:00,Day
597,23:32:00,22:00–00:00,Night
598,00:27:00,00:00–02:00,Night
599,02:15:00,02:00–04:00,Night
600,18:01:00,18:00–20:00,Night
601,18:35:00,18:00–20:00,Night
602,21:39:00,20:00–22:00,Night
603,15:41:00,14:00–16:00,Day
604,17:17:00,16:00–18:00,Day
605,05:40:00,04:00–06:00,Night
606,08:04:00,08:00–10:00,Day
607,16:09:00,16:00–18:00,Day
608,09:05:00,08:00–10:00,Day
609,04:19:00,04:00–06:00,Night
610,10:27:00,10:00–12:00,Day
611,15:32:00,14:00–16:00,Day
612,15:39:00,14:00–16:00,Day
613,18:57:00,18:00–20:00,Night
614,23:03:00,22:00–00:00,Night
615,19:38:00,18:00–20:00,Night
616,19:21:00,18:00–20:00,Night
617,19:36:00,18:00–20:00,Night
618,06:49:00,06:00–08:00,Day
619,10:39:00,10:00–12:00,Day
620,14:32:00,14:00–16:00,Day
621,18:12:00,18:00–20:00,Night
622,00:02:00,00:00–02:00,Night
623,08:29:00,08:00–10:00,Day
624,20:13:00,20:00–22:00,Night
625,20:59:00,20:00–22:00,Night
626,20:42:00,20:00–22:00,Night
627,09:38:00,08:00–10:00,Day
628,22:36:00,22:00–00:00,Night
629,23:34:00,22:00–00:00,Night
630,09:02:00,08:00–10:00,Day
631,01:38:00,00:00–02:00,Night
632,11:54:00,10:00–12:00,Day
633,13:27:00,12:00–14:00,Day
634,14:03:00,14:00–16:00,Day
635,04:37:00,04:00–06:00,Night
636,05:04:00,04:00–06:00,Night
637,06:08:00,06:00–08:00,Day
638,09:17:00,08:00–10:00,Day
639,05:48:00,04:00–06:00,Night
640,08:39:00,08:00–10:00,Day
641,15:53:00,14:00–16:00,Day
642,00:59:00,00:00–02:00,Night
643,03:44:00,02:00–04:00,Night
644,06:55:00,06:00–08:00,Day
645,08:36:00,08:00–10:00,Day
646,07:06:00,06:00–08:00,Day
647,05:13:00,04:00–06:00,Night
648,16:42:00,16:00–18:00,Day
649,17:37:00,16:00–18:00,Day
650,17:49:00,16:00–18:00,Day
651,14:53:00,14:00–16:00,Day
652,16:12:00,16:00–18:00,Day
653,18:05:00,18:00–20:00,Night
654,18:43:00,18:00–20:00,Night
655,19:49:00,18:00–20:00,Night
656,09:18:00,08:00–10:00,Day
657,13:09:00,12:00–14:00,Day
658,16:47:00,16:00–18:00,Day
659,23:27:00,22:00–00:00,Night
660,07:37:00,06:00–08:00,Day
661,11:32:00,10:00–12:00,Day
662,01:11:00,00:00–02:00,Night
663,21:56:00,20:00–22:00,Night
664,06:26:00,06:00–08:00,Day
665,12:32:00,12:00–14:00,Day
666,15:03:00,14:00–16:00,Day
667,10:26:00,10:00–12:00,Day
668,23:58:00,22:00–00:00,Night
669,09:19:00,08:00–10:00,Day
670,14:19:00,14:00–16:00,Day
671,15:26:00,14:00–16:00,Day
672,13:04:00,12:00–14:00,Day
673,00:21:00,00:00–02:00,Night
674,03:34:00,02:00–04:00,Night
675,14:29:00,14:00–16:00,Day
676,16:54:00,16:00–18:00,Day
677,19:12:00,18:00–20:00,Night
678,10:44:00,10:00–12:00,Day
679,14:28:00,14:00–16:00,Day
680,00:45:00,00:00–02:00,Night
681,10:52:00,10:00–12:00,Day
682,15:02:00,14:00–16:00,Day
683,16:02:00,16:00–18:00,Day
684,23:09:00,22:00–00:00,Night
685,11:34:00,10:00–12:00,Day
686,07:23:00,06:00–08:00,Day
687,09:47:00,08:00–10:00,Day
688,15:54:00,14:00–16:00,Day
689,16:51:00,16:00–18:00,Day
690,17:42:00,16:00–18:00,Day
691,23:05:00,22:00–00:00,Night
692,10:34:00,10:00–12:00,Day
693,22:31:00,22:00–00:00,Night
694,01:23:00,00:00–02:00,Night
695,05:54:00,04:00–06:00,Night
696,11:19:00,10:00–12:00,Day
697,12:56:00,12:00–14:00,Day
698,05:53:00,04:00–06:00,Night
699,08:50:00,08:00–10:00,Day
700,13:28:00,12:00–14:00,Day
701,13:47:00,12:00–14:00,Day
702,19:47:00,18:00–20:00,Night
703,21:14:00,20:00–22:00,Night
704,09:23:00,08:00–10:00,Day
705,00:16:00,00:00–02:00,Night
706,06:39:00,06:00–08:00,Day
707,06:43:00,06:00–08:00,Day
708,07:32:00,06:00–08:00,Day
709,14:09:00,14:00–16:00,Day
710,10:53:00,10:00–12:00,Day
711,12:21:00,12:00–14:00,Day
712,15:49:00,14:00–16:00,Day
713,14:58:00,14:00–16:00,Day
714,15:59:00,14:00–16:00,Day
715,07:43:00,06:00–08:00,Day
716,08:37:00,08:00–10:00,Day
717,12:49:00,12:00–14:00,Day
718,12:27:00,12:00–14:00,Day
719,13:18:00,12:00–14:00,Day
720,16:04:00,16:00–18:00,Day
721,22:16:00,22:00–00:00,Night
722,02:45:00,02:00–04:00,Night
723,19:22:00,18:00–20:00,Night
724,14:49:00,14:00–16:00,Day
725,16:39:00,16:00–18:00,Day
726,20:01:00,20:00–22:00,Night
727,04:55:00,04:00–06:00,Night
728,17:16:00,16:00–18:00,Day
729,18:34:00,18:00–20:00,Night
730,18:41:00,18:00–20:00,Night
731,07:38:00,06:00–08:00,Day
732,07:45:00,06:00–08:00,Day
733,10:12:00,10:00–12:00,Day
734,16:24:00,16:00–18:00,Day
735,18:32:00,18:00–20:00,Night
736,09:44:00,08:00–10:00,Day
737,13:56:00,12:00–14:00,Day
738,15:36:00,14:00–16:00,Day
739,00:24:00,00:00–02:00,Night
740,06:07:00,06:00–08:00,Day
741,11:43:00,10:00–12:00,Day
742,16:31:00,16:00–18:00,Day
743,20:41:00,20:00–22:00,Night
744,06:19:00,06:00–08:00,Day
745,13:14:00,12:00–14:00,Day
746,14:59:00,14:00–16:00,Day
747,15:29:00,14:00–16:00,Day
748,16:43:00,16:00–18:00,Day
749,20:27:00,20:00–22:00,Night
750,23:52:00,22:00–00:00,Night
751,01:20:00,00:00–02:00,Night
752,10:21:00,10:00–12:00,Day
753,17:59:00,16:00–18:00,Day
754,19:59:00,18:00–20:00,Night
755,21:34:00,20:00–22:00,Night
756,19:03:00,18:00–20:00,Night
757,04:29:00,04:00–06:00,Night
758,15:23:00,14:00–16:00,Day
759,21:55:00,20:00–22:00,Night
760,16:21:00,16:00–18:00,Day
761,18:48:00,18:00–20:00,Night
762,16:34:00,16:00–18:00,Day
763,18:49:00,18:00–20:00,Night
764,19:43:00,18:00–20:00,Night
765,22:12:00,22:00–00:00,Night
766,23:04:00,22:00–00:00,Night
767,11:49:00,10:00–12:00,Day
768,16:06:00,16:00–18:00,Day
769,10:46:00,10:00–12:00,Day
770,12:26:00,12:00–14:00,Day
771,20:54:00,20:00–22:00,Night
772,01:10:00,00:00–02:00,Night
773,13:02:00,12:00–14:00,Day
774,21:29:00,20:00–22:00,Night
775,12:57:00,12:00–14:00,Day
776,00:20:00,00:00–02:00,Night
777,14:26:00,14:00–16:00,Day
778,19:29:00,18:00–20:00,Night
779,23:11:00,22:00–00:00,Night
780,09:54:00,08:00–10:00,Day
781,16:41:00,16:00–18:00,Day
782,22:29:00,22:00–00:00,Night
783,08:16:00,08:00–10:00,Day
784,10:57:00,10:00–12:00,Day
785,12:06:00,12:00–14:00,Day
786,20:25:00,20:00–22:00,Night
787,13:23:00,12:00–14:00,Day
788,14:46:00,14:00–16:00,Day
789,21:02:00,20:00–22:00,Night
790,21:03:00,20:00–22:00,Night
791,21:33:00,20:00–22:00,Night
792,00:14:00,00:00–02:00,Night
793,19:28:00,18:00–20:00,Night
794,05:23:00,04:00–06:00,Night
795,16:03:00,16:00–18:00,Day
796,20:24:00,20:00–22:00,Night
797,19:51:00,18:00–20:00,Night
798,02:03:00,02:00–04:00,Night
799,17:11:00,16:00–18:00,Day
800,04:31:00,04:00–06:00,Night
801,09:01:00,08:00–10:00,Day
802,18:13:00,18:00–20:00,Night
803,19:17:00,18:00–20:00,Night
804,20:36:00,20:00–22:00,Night
805,10:13:00,10:00–12:00,Day
806,23:56:00,22:00–00:00,Night
807,22:58:00,22:00–00:00,Night
808,08:52:00,08:00–10:00,Day
809,16:18:00,16:00–18:00,Day
810,21:47:00,20:00–22:00,Night
811,02:26:00,02:00–04:00,Night
812,13:37:00,12:00–14:00,Day
813,02:14:00,02:00–04:00,Night
814,06:37:00,06:00–08:00,Day
815,18:51:00,18:00–20:00,Night
816,19:01:00,18:00–20:00,Night
817,03:46:00,02:00–04:00,Night
818,07:46:00,06:00–08:00,Day
819,08:35:00,08:00–10:00,Day
820,08:51:00,08:00–10:00,Day
821,13:57:00,12:00–14:00,Day
822,03:02:00,02:00–04:00,Night
823,22:05:00,22:00–00:00,Night
824,23:44:00,22:00–00:00,Night
825,20:29:00,20:00–22:00,Night
826,03:59:00,02:00–04:00,Night
827,17:39:00,16:00–18:00,Day
828,02:12:00,02:00–04:00,Night
829,06:44:00,06:00–08:00,Night
830,17:29:00,16:00–18:00,Day
831,20:57:00,20:00–22:00,Night
832,02:24:00,02:00–04:00,Night
833,06:04:00,06:00–08:00,Day
834,23:41:00,22:00–00:00,Night
835,01:29:00,00:00–02:00,Night
836,18:42:00,18:00–20:00,Night
837,06:44:00,06:00–08:00,Day
838,18:21:00,18:00–20:00,Night
839,01:50:00,00:00–02:00,Night
840,16:07:00,16:00–18:00,Day
841,00:28:00,00:00–02:00,Night
842,07:33:00,06:00–08:00,Day
843,15:56:00,14:00–16:00,Day
844,19:27:00,18:00–20:00,Night
845,23:29:00,22:00–00:00,Night
846,07:02:00,06:00–08:00,Day
847,11:47:00,10:00–12:00,Day
848,19:26:00,18:00–20:00,Night
849,08:18:00,08:00–10:00,Day
850,08:42:00,08:00–10:00,Day
851,16:49:00,16:00–18:00,Day
852,18:47:00,18:00–20:00,Night
853,08:47:00,08:00–10:00,Day
854,13:08:00,12:00–14:00,Day
855,14:47:00,14:00–16:00,Day
856,01:18:00,00:00–02:00,Night
857,06:09:00,06:00–08:00,Day
858,10:38:00,10:00–12:00,Day
859,15:48:00,14:00–16:00,Day
860,03:54:00,02:00–04:00,Night
861,15:33:00,14:00–16:00,Day
862,20:07:00,20:00–22:00,Night
863,11:51:00,10:00–12:00,Day
864,17:28:00,16:00–18:00,Day
865,07:52:00,06:00–08:00,Day
866,12:39:00,12:00–14:00,Day
867,00:58:00,00:00–02:00,Night
868,08:38:00,08:00–10:00,Day
869,00:26:00,00:00–02:00,Night
870,13:09:00,12:00–14:00,
871,13:12:00,12:00–14:00,Day
872,07:11:00,06:00–08:00,Day
873,08:34:00,08:00–10:00,Day
874,17:12:00,16:00–18:00,Day
875,17:36:00,16:00–18:00,Day
876,21:44:00,20:00–22:00,Night
877,05:26:00,04:00–06:00,Night
878,10:16:00,10:00–12:00,Day
879,12:52:00,12:00–14:00,Day
880,12:58:00,12:00–14:00,Day
881,01:14:00,00:00–02:00,Night
882,19:56:00,18:00–20:00,Night
883,05:02:00,04:00–06:00,Night
884,06:18:00,06:00–08:00,Day
885,15:09:00,14:00–16:00,Day
886,04:48:00,04:00–06:00,Night
887,18:44:00,18:00–20:00,Night
888,19:11:00,18:00–20:00,Night
889,17:22:00,16:00–18:00,Day
890,18:17:00,18:00–20:00,Night
891,06:16:00,06:00–08:00,Day
892,11:14:00,10:00–12:00,Day
893,00:46:00,00:00–02:00,Night
894,03:09:00,02:00–04:00,Night
895,18:52:00,18:00–20:00,Night
896,00:54:00,00:00–02:00,Night
897,03:32:00,02:00–04:00,Night
898,23:46:00,22:00–00:00,Night
899,20:35:00,20:00–22:00,Night
900,04:17:00,04:00–06:00,Night
901,14:57:00,14:00–16:00,Day
902,00:07:00,00:00–02:00,Night
903,06:42:00,06:00–08:00,Day
904,09:11:00,08:00–10:00,Day
905,11:26:00,10:00–12:00,Day
906,12:11:00,12:00–14:00,Day
907,01:44:00,00:00–02:00,Night
908,03:50:00,02:00–04:00,Night
909,14:27:00,14:00–16:00,Day
910,14:31:00,14:00–16:00,Day
911,17:26:00,16:00–18:00,Day
912,20:02:00,20:00–22:00,Night
913,16:16:00,16:00–18:00,Day
914,21:59:00,20:00–22:00,Night
915,20:44:00,20:00–22:00,Night
916,09:20:00,08:00–10:00,Day
917,16:38:00,16:00–18:00,Day
918,02:50:00,02:00–04:00,Night
919,20:32:00,20:00–22:00,Night
920,12:13:00,12:00–14:00,Day
921,16:44:00,16:00–18:00,Day
922,01:25:00,00:00–02:00,Night
923,16:29:00,16:00–18:00,Day
924,04:11:00,04:00–06:00,Night
925,07:51:00,06:00–08:00,Day
926,13:31:00,12:00–14:00,Day
927,23:16:00,22:00–00:00,Night
928,08:46:00,08:00–10:00,Day
929,11:02:00,10:00–12:00,Day
930,21:25:00,20:00–22:00,Night
931,11:31:00,10:00–12:00,Day
932,16:37:00,16:00–18:00,Day
933,13:07:00,12:00–14:00,Day
934,17:07:00,16:00–18:00,Day
935,05:42:00,04:00–06:00,Night
936,00:37:00,00:00–02:00,Night
937,11:16:00,10:00–12:00,Day
938,02:34:00,02:00–04:00,Night
939,07:24:00,06:00–08:00,Day
940,19:39:00,18:00–20:00,Night
941,02:55:00,02:00–04:00,Night
942,23:36:00,22:00–00:00,Night
943,14:41:00,14:00–16:00,Day
944,17:06:00,16:00–18:00,Day
945,17:55:00,16:00–18:00,Day
946,18:58:00,18:00–20:00,Night
947,07:58:00,06:00–08:00,Day
948,03:14:00,02:00–04:00,Night
949,06:17:00,06:00–08:00,Day
950,23:33:00,22:00–00:00,Night
951,07:08:00,06:00–08:00,Day
952,07:42:00,06:00–08:00,Day
953,08:23:00,08:00–10:00,Day
954,22:44:00,22:00–00:00,Night
955,10:19:00,10:00–12:00,Day
956,23:31:00,22:00–00:00,Night
957,10:32:00,10:00–12:00,Day
958,07:27:00,06:00–08:00,Day
959,09:48:00,08:00–10:00,Day
960,13:16:00,12:00–14:00,Day
961,22:01:00,22:00–00:00,Night
962,08:32:00,08:00–10:00,Day
963,06:13:00,06:00–08:00,Day
964,08:06:00,08:00–10:00,Day
965,11:33:00,10:00–12:00,Day
966,11:37:00,10:00–12:00,Day
967,16:11:00,16:00–18:00,Day
968,20:14:00,20:00–22:00,Night
969,14:08:00,14:00–16:00,Day
970,22:32:00,22:00–00:00,Night
971,01:59:00,00:00–02:00,Night
972,07:09:00,06:00–08:00,Day
973,03:57:00,02:00–04:00,Night
974,08:24:00,08:00–10:00,Day
975,20:48:00,20:00–22:00,Night
976,21:41:00,20:00–22:00,Night
977,05:14:00,04:00–06:00,Night
978,01:05:00,00:00–02:00,Night
979,12:23:00,12:00–14:00,Day
980,11:52:00,10:00–12:00,Day
981,13:06:00,12:00–14:00,Day
982,09:29:00,08:00–10:00,Day
983,11:01:00,10:00–12:00,Day
984,17:41:00,16:00–18:00,Day
985,23:22:00,22:00–00:00,Night
986,10:37:00,10:00–12:00,Day
987,02:13:00,02:00–04:00,Night
988,06:52:00,06:00–08:00,Day
989,09:37:00,08:00–10:00,Day
990,01:52:00,00:00–02:00,Night
991,10:14:00,10:00–12:00,Day
992,18:02:00,18:00–20:00,Night
993,10:18:00,10:00–12:00,Day
994,21:08:00,20:00–22:00,Night
995,01:57:00,00:00–02:00,Night
996,14:36:00,14:00–16:00,Day
997,10:43:00,10:00–12:00,Day
998,16:23:00,16:00–18:00,Day
999,10:22:00,10:00–12:00,Day
1000,17:47:00,16:00–18:00,Day
1001,22:28:00,22:00–00:00,Night
1002,18:23:00,18:00–20:00,Night
1003,01:08:00,00:00–02:00,Night
1004,15:42:00,14:00–16:00,Day
1005,01:49:00,00:00–02:00,Night
1006,04:56:00,04:00–06:00,Night
1007,10:31:00,10:00–12:00,Day
1008,10:59:00,10:00–12:00,Day
1009,22:21:00,22:00–00:00,Night
1010,22:46:00,22:00–00:00,Night
1011,03:19:00,02:00–04:00,Night
1012,23:37:00,22:00–00:00,Night
1013,01:03:00,00:00–02:00,Night
1014,20:39:00,20:00–22:00,Night
1015,21:51:00,20:00–22:00,Night
1016,23:57:00,22:00–00:00,Night
1017,06:27:00,06:00–08:00,Day
1018,03:12:00,02:00–04:00,Night
1019,21:48:00,20:00–22:00,Night
1020,01:24:00,00:00–02:00,Night
1021,19:16:00,18:00–20:00,Night
1022,19:31:00,18:00–20:00,Night
1023,09:58:00,08:00–10:00,Day
1024,17:13:00,16:00–18:00,Day
1025,23:19:00,22:00–00:00,Night
1026,00:13:00,00:00–02:00,Night
1027,06:03:00,06:00–08:00,Day
1028,11:17:00,10:00–12:00,Day
1029,07:01:00,06:00–08:00,Day
1030,18:33:00,18:00–20:00,Night
1031,21:28:00,20:00–22:00,Night
1032,08:01:00,08:00–10:00,Day
1033,08:07:00,08:00–10:00,Day
1034,02:16:00,02:00–04:00,Night
1035,11:09:00,10:00–12:00,Day
1036,21:13:00,20:00–22:00,Night
1037,06:01:00,06:00–08:00,Day
1038,22:37:00,22:00–00:00,Night
1039,22:04:00,22:00–00:00,Night
1040,03:05:00,02:00–04:00,Night
1041,02:33:00,02:00–04:00,Night
1042,17:51:00,16:00–18:00,Day
1043,01:17:00,00:00–02:00,Night
1044,05:44:00,04:00–06:00,Night
1045,05:05:00,04:00–06:00,Night
1046,03:33:00,02:00–04:00,Night
1047,06:33:00,06:00–08:00,Day
1048,03:11:00,02:00–04:00,Night
1049,03:43:00,02:00–04:00,Night
1050,19:34:00,18:00–20:00,Night
1051,16:33:00,16:00–18:00,Day
1052,02:31:00,02:00–04:00,Night
1053,05:34:00,04:00–06:00,Night
1054,17:53:00,16:00–18:00,Day
1055,19:23:00,18:00–20:00,Night
1056,12:24:00,12:00–14:00,Day
1057,18:06:00,18:00–20:00,Night
1058,13:43:00,12:00–14:00,Day
1059,13:48:00,12:00–14:00,Day
1060,10:17:00,10:00–12:00,Day
1061,20:08:00,20:00–22:00,Night
1062,18:04:00,18:00–20:00,Night
1063,08:44:00,08:00–10:00,Day
1064,11:59:00,10:00–12:00,Day
1065,00:32:00,00:00–02:00,Night
1066,14:21:00,14:00–16:00,Day
1067,03:39:00,02:00–04:00,Night
1068,07:13:00,06:00–08:00,Day
1069,19:46:00,18:00–20:00,Night
1070,23:48:00,22:00–00:00,Night
1071,02:57:00,02:00–04:00,Night
1072,07:34:00,06:00–08:00,Day
1073,04:39:00,04:00–06:00,Night
1074,06:41:00,06:00–08:00,Day
1075,13:03:00,12:00–14:00,Day
1076,13:26:00,12:00–14:00,Day
1077,22:54:00,22:00–00:00,Night
1078,05:59:00,04:00–06:00,Night
1079,00:33:00,00:00–02:00,Night
1080,06:53:00,06:00–08:00,Day
1081,06:47:00,06:00–08:00,Day
1082,15:16:00,14:00–16:00,Day
1083,04:21:00,04:00–06:00,Night
1084,04:23:00,04:00–06:00,Night
1085,04:49:00,04:00–06:00,Night
1086,15:17:00,14:00–16:00,Day
1087,02:35:00,02:00–04:00,Night
1088,22:27:00,22:00–00:00,Night
1089,03:10:00,02:00–04:00,Night
1090,04:05:00,04:00–06:00,Night
1091,05:07:00,04:00–06:00,Night
1092,13:41:00,12:00–14:00,Day
1093,14:17:00,14:00–16:00,Day
1094,15:14:00,14:00–16:00,Day
1095,18:18:00,18:00–20:00,Night
1096,02:18:00,02:00–04:00,Night
1097,05:49:00,04:00–06:00,Night
1098,00:57:00,00:00–02:00,Night
1099,23:47:00,22:00–00:00,Night
1100,04:22:00,04:00–06:00,Night
1101,02:59:00,02:00–04:00,Night
1102,22:17:00,22:00–00:00,Night
1103,09:30:00,08:00–10:00,Night
1104,14:15:00,14:00–16:00,Night
1105,14:18:00,14:00–16:00,Night
1106,06:12:00,06:00–08:00,Day
1107,06:10:00,06:00–08:00,Night
1108,12:18:00,12:00–14:00,Night
1109,21:06:00,20:00–22:00,Night
1110,04:51:00,04:00–06:00,Night
1111,06:25:00,06:00–08:00,Night
1112,06:30:00,06:00–08:00,Night
1113,07:14:00,06:00–08:00,Night
1114,14:30:00,14:00–16:00,Night
1115,14:50:00,14:00–16:00,Night
1116,17:05:00,16:00–18:00,Night
1117,21:26:00,20:00–22:00,Night
1118,09:00:00,08:00–10:00,Night
1119,10:29:00,10:00–12:00,Night
1120,20:58:00,20:00–22:00,Night
1121,05:22:00,04:00–06:00,Night
1122,09:12:00,08:00–10:00,Night
1123,16:50:00,16:00–18:00,Night
1124,03:18:00,02:00–04:00,Night
1125,16:16:00,16:00–18:00,Night
1126,10:48:00,10:00–12:00,Night
1127,16:35:00,16:00–18:00,Night
1128,17:32:00,16:00–18:00,Day
1129,15:20:00,14:00–16:00,Night
1130,10:40:00,10:00–12:00,Night
1131,14:00:00,14:00–16:00,Night
1132,21:18:00,20:00–22:00,Night
1133,07:23:00,06:00–08:00,Night
1134,22:09:00,22:00–00:00,Night
1135,10:37:00,10:00–12:00,Night
1136,11:04:00,10:00–12:00,Night
1137,14:55:00,14:00–16:00,Night
1138,13:05:00,12:00–14:00,Night
1139,15:59:00,14:00–16:00,Night
1140,16:45:00,16:00–18:00,Night
1141,09:06:00,08:00–10:00,Day
1142,15:22:00,14:00–16:00,Night
1143,12:03:00,12:00–14:00,Night
1144,12:33:00,12:00–14:00,Day
1145,07:15:00,06:00–08:00,Night
1146,08:24:00,08:00–10:00,Night
1147,02:28:00,02:00–04:00,Night
1148,10:50:00,10:00–12:00,Night
1149,13:52:00,12:00–14:00,Night
1150,14:40:00,14:00–16:00,Night
1151,12:55:00,12:00–14:00,Night
1152,11:07:00,10:00–12:00,Day
1153,12:15:00,12:00–14:00,Night
1154,13:51:00,12:00–14:00,Day
1155,15:05:00,14:00–16:00,Night
1156,13:10:00,12:00–14:00,Night
1157,20:38:00,20:00–22:00,Night
1158,13:00:00,12:00–14:00,Night
1159,11:15:00,10:00–12:00,Night
1160,12:53:00,12:00–14:00,Night
1161,15:34:00,14:00–16:00,Night
1162,15:57:00,14:00–16:00,Night
1163,12:04:00,12:00–14:00,Night
1164,16:15:00,16:00–18:00,Night
1165,15:51:00,14:00–16:00,Day
1166,13:56:00,12:00–14:00,Night
1167,17:45:00,16:00–18:00,Night
1168,16:17:00,16:00–18:00,Night
1169,16:00:00,16:00–18:00,Night
1170,16:41:00,16:00–18:00,Night
1171,16:06:00,16:00–18:00,Night
1172,05:32:00,04:00–06:00,Night
1173,11:20:00,10:00–12:00,Night
1174,08:17:00,08:00–10:00,Day
1175,06:40:00,06:00–08:00,Night
1176,15:50:00,14:00–16:00,Night
1177,08:57:00,08:00–10:00,Day
1178,12:00:00,12:00–14:00,Night
1179,12:11:00,12:00–14:00,Night
1180,14:12:00,14:00–16:00,Day
1181,14:14:00,14:00–16:00,Day
1182,15:31:00,14:00–16:00,Night
1183,08:27:00,08:00–10:00,Day
1184,10:45:00,10:00–12:00,Night
1185,15:46:00,14:00–16:00,Day
1186,16:22:00,16:00–18:00,Night
1187,13:30:00,12:00–14:00,Night
1188,09:28:00,08:00–10:00,Day
1189,08:00:00,08:00–10:00,Night
1190,16:20:00,16:00–18:00,Night
1191,15:10:00,14:00–16:00,Night
1192,10:42:00,10:00–12:00,Night
1193,14:27:00,14:00–16:00,Night
1194,02:19:00,02:00–04:00,Night
1195,07:38:00,06:00–08:00,Night
1196,12:30:00,12:00–14:00,Night
1197,15:45:00,14:00–16:00,Night
1198,16:05:00,16:00–18:00,Night
1199,17:00:00,16:00–18:00,Night
1200,00:29:00,00:00–02:00,Night
1201,05:51:00,04:00–06:00,Night
1202,08:05:00,08:00–10:00,Night
1203,07:08:00,06:00–08:00,Night
1204,10:35:00,10:00–12:00,Night
1205,16:38:00,16:00–18:00,Night
1206,06:20:00,06:00–08:00,Night
1207,06:45:00,06:00–08:00,Night
1208,05:52:00,04:00–06:00,Night
1209,11:10:00,10:00–12:00,Night
1210,20:11:00,20:00–22:00,Night
1211,00:04:00,00:00–02:00,Night
1212,04:28:00,04:00–06:00,Night
1213,01:13:00,00:00–02:00,Night
1214,04:32:00,04:00–06:00,Night
1215,16:53:00,16:00–18:00,Night
1216,10:20:00,10:00–12:00,Night
1217,16:30:00,16:00–18:00,Night
1218,17:51:00,16:00–18:00,Night
1219,15:56:00,14:00–16:00,Night
1220,17:21:00,16:00–18:00,Day
1221,06:35:00,06:00–08:00,Night
1222,09:20:00,08:00–10:00,Night
1223,11:32:00,10:00–12:00,Night
1224,17:56:00,16:00–18:00,Night
1225,13:15:00,12:00–14:00,Night
1226,15:00:00,14:00–16:00,Night
1227,08:10:00,08:00–10:00,Night
1228,09:27:00,08:00–10:00,Day
1229,02:52:00,02:00–04:00,Night
1230,03:13:00,02:00–04:00,Night
1231,10:42:00,10:00–12:00,Day
1232,12:10:00,12:00–14:00,Night
1233,06:02:00,06:00–08:00,Night
1234,02:08:00,02:00–04:00,Night
1235,15:23:00,14:00–16:00,Night
1236,17:24:00,16:00–18:00,Night
1237,08:20:00,08:00–10:00,Night
1238,11:52:00,10:00–12:00,Night
1239,07:57:00,06:00–08:00,Night
1240,15:30:00,14:00–16:00,Night
1241,12:29:00,12:00–14:00,Day
1242,16:07:00,16:00–18:00,Night
1243,16:27:00,16:00–18:00,Day
1244,11:11:00,10:00–12:00,Day
1245,12:40:00,12:00–14:00,Night
1246,12:50:00,12:00–14:00,Night
1247,07:26:00,06:00–08:00,Day
1248,07:00:00,06:00–08:00,Night
1249,17:30:00,16:00–18:00,Night
1250,07:03:00,06:00–08:00,Day
1251,11:25:00,10:00–12:00,Night
1252,13:53:00,12:00–14:00,Night
1253,15:55:00,14:00–16:00,Night
1254,04:35:00,04:00–06:00,Night
1255,10:29:00,10:00–12:00,Day
1256,14:35:00,14:00–16:00,Night
1257,10:06:00,10:00–12:00,Day
1258,22:14:00,22:00–00:00,Night
1259,07:48:00,06:00–08:00,Day
1260,12:31:00,12:00–14:00,Day
1261,12:53:00,12:00–14:00,Day
1262,17:23:00,16:00–18:00,Day
1263,09:32:00,08:00–10:00,Day
1264,00:08:00,00:00–02:00,Night
1265,02:49:00,02:00–04:00,Night
1266,06:32:00,06:00–08:00,Day
1267,14:22:00,14:00–16:00,Day
1268,07:39:00,06:00–08:00,Day
1269,03:35:00,02:00–04:00,Night
1270,15:44:00,14:00–16:00,Day
1271,05:21:00,04:00–06:00,Night
1272,10:49:00,10:00–12:00,Day
1273,01:31:00,00:00–02:00,Night
1274,01:54:00,00:00–02:00,Night
1275,19:42:00,18:00–20:00,Night
1276,22:03:00,22:00–00:00,Night
1277,20:22:00,20:00–22:00,Night
1278,15:27:00,14:00–16:00,Day
1279,04:24:00,04:00–06:00,Night
1280,05:56:00,04:00–06:00,Night
1281,06:11:00,06:00–08:00,Day
1282,22:53:00,22:00–00:00,Night
1283,04:38:00,04:00–06:00,Night
1284,08:43:00,08:00–10:00,Day
1285,05:16:00,04:00–06:00,Night
1286,09:36:00,08:00–10:00,Day
1287,23:06:00,22:00–00:00,Night
1288,08:53:00,08:00–10:00,Day
1289,15:12:00,14:00–16:00,Day
1290,09:04:00,08:00–10:00,Day
1291,18:37:00,18:00–20:00,Night
1292,19:24:00,18:00–20:00,Night
1293,20:34:00,20:00–22:00,Night
1294,07:57:00,06:00–08:00,Day
1295,15:13:00,14:00–16:00,Day
1296,07:18:00,06:00–08:00,Day
1297,23:54:00,22:00–00:00,Night
1298,07:16:00,06:00–08:00,Day
1299,06:46:00,06:00–08:00,Day
1300,02:43:00,02:00–04:00,Night
1301,12:14:00,12:00–14:00,Day
1302,05:39:00,04:00–06:00,Night
1303,21:42:00,20:00–22:00,Night
1304,22:13:00,22:00–00:00,Night
1305,22:07:00,22:00–00:00,Night
1306,04:06:00,04:00–06:00,Night
1307,08:22:00,08:00–10:00,Day
1308,22:51:00,22:00–00:00,Night
1309,01:51:00,00:00–02:00,Night
1310,05:31:00,04:00–06:00,Night
1311,02:22:00,02:00–04:00,Night
1312,21:37:00,20:00–22:00,Night
1313,17:33:00,16:00–18:00,Day
1314,01:28:00,00:00–02:00,Night
1315,17:52:00,16:00–18:00,Day
1316,18:22:00,18:00–20:00,Night
1317,07:56:00,06:00–08:00,Day
1318,08:11:00,08:00–10:00,Day
1319,20:53:00,20:00–22:00,Night
1320,06:22:00,06:00–08:00,Day
1321,13:44:00,12:00–14:00,Day
1322,01:09:00,00:00–02:00,Night
1323,06:06:00,06:00–08:00,Day
1324,10:33:00,10:00–12:00,Day
1325,04:36:00,04:00–06:00,Night
1326,02:44:00,02:00–04:00,Night
1327,03:28:00,02:00–04:00,Night
1328,04:14:00,04:00–06:00,Night
1329,08:26:00,08:00–10:00,Day
1330,21:32:00,20:00–22:00,Night
1331,01:33:00,00:00–02:00,Night
1332,17:14:00,16:00–18:00,Day
1333,06:34:00,06:00–08:00,Day
1334,00:52:00,00:00–02:00,Night
1335,01:48:00,00:00–02:00,Night
1336,17:02:00,16:00–18:00,Day
1337,07:53:00,06:00–08:00,Day
1338,14:07:00,14:00–16:00,Day
1339,11:41:00,10:00–12:00,Day
1340,00:22:00,00:00–02:00,Night
1341,22:39:00,22:00–00:00,Night
1342,06:56:00,06:00–08:00,Day
1343,08:12:00,08:00–10:00,Day
1344,11:06:00,10:00–12:00,Day
1345,21:43:00,20:00–22:00,Night
1346,07:28:00,06:00–08:00,Day
1347,19:41:00,18:00–20:00,Night
1348,16:17:00,16:00–18:00,Day
1349,00:12:00,00:00–02:00,Night
1350,00:51:00,00:00–02:00,Night
1351,01:53:00,00:00–02:00,Night
1352,02:41:00,02:00–04:00,Night
1353,18:03:00,18:00–20:00,Night
1354,01:02:00,00:00–02:00,Night
1355,20:52:00,20:00–22:00,Night
1356,00:49:00,00:00–02:00,Night
1357,04:12:00,04:00–06:00,Night
1358,04:43:00,04:00–06:00,Night
1359,05:41:00,04:00–06:00,Night
1360,18:08:00,18:00–20:00,Night
1361,11:56:00,10:00–12:00,Day
1362,00:56:00,00:00–02:00,Night
1363,07:47:00,06:00–08:00,Day
1364,12:47:00,12:00–14:00,Day
1365,03:07:00,02:00–04:00,Night
1366,17:56:00,16:00–18:00,Day
1367,00:43:00,00:00–02:00,Night
1368,11:08:00,10:00–12:00,Day
1369,04:54:00,04:00–06:00,Night
1370,15:22:00,14:00–16:00,Day
1371,02:06:00,02:00–04:00,Night
1372,19:44:00,18:00–20:00,Night
1373,00:03:00,00:00–02:00,Night
1374,15:28:00,14:00–16:00,Day
1375,03:16:00,02:00–04:00,Night
1376,06:59:00,06:00–08:00,Day
1377,09:31:00,08:00–10:00,Day
1378,04:33:00,04:00–06:00,Night
1379,10:58:00,10:00–12:00,Day
1380,00:53:00,00:00–02:00,Night
1381,02:36:00,02:00–04:00,Night
1382,12:44:00,12:00–14:00,Day
1383,03:49:00,02:00–04:00,Night
1384,09:59:00,08:00–10:00,Day
1385,05:17:00,04:00–06:00,Night
1386,23:59:00,22:00–00:00,Night
1387,07:44:00,06:00–08:00,Day
1388,19:04:00,18:00–20:00,Night
1389,13:52:00,12:00–14:00,Day
1390,13:34:00,12:00–14:00,Day
1391,02:39:00,02:00–04:00,Night
1392,04:09:00,04:00–06:00,Night
1393,18:11:00,18:00–20:00,Night
1394,00:11:00,00:00–02:00,Night
1395,00:06:00,00:00–02:00,Night
1396,11:57:00,10:00–12:00,Day
1397,21:54:00,20:00–22:00,Night
1398,20:51:00,20:00–22:00,Night
1399,01:01:00,00:00–02:00,Night
1400,09:51:00,08:00–10:00,Day
1401,15:04:00,14:00–16:00,Day
1402,22:23:00,22:00–00:00,Night
1403,21:49:00,20:00–22:00,Night
1404,09:22:00,08:00–10:00,Day
1405,20:04:00,20:00–22:00,Night
1406,20:03:00,20:00–22:00,Night
1407,07:07:00,06:00–08:00,Day
1408,16:59:00,16:00–18:00,Day
1409,10:03:00,10:00–12:00,Day
1410,02:38:00,02:00–04:00,Night
1411,09:39:00,08:00–10:00,Day
1412,01:27:00,00:00–02:00,Night
1413,09:52:00,08:00–10:00,Day
1414,02:48:00,02:00–04:00,Night
1415,04:08:00,04:00–06:00,Night
1416,09:08:00,08:00–10:00,Day
1417,02:07:00,02:00–04:00,Night
1418,02:54:00,02:00–04:00,Night
1419,05:18:00,04:00–06:00,Night
1420,11:42:00,10:00–12:00,Day
1421,20:46:00,20:00–22:00,Night
1422,22:11:00,22:00–00:00,Night
1423,14:06:00,14:00–16:00,Day
1424,04:16:00,04:00–06:00,Night
1425,01:34:00,00:00–02:00,Night
1426,06:28:00,06:00–08:00,Day
1427,16:56:00,16:00–18:00,Day
1428,02:51:00,02:00–04:00,Night
1429,23:13:00,22:00–00:00,Night
1430,10:47:00,10:00–12:00,Day
1431,22:10:00,22:00–00:00,Day
1432,18:53:00,18:00–20:00,Night
1433,00:36:00,00:00–02:00,Night
1434,23:26:00,22:00–00:00,Night
1435,09:42:00,08:00–10:00,Day
1436,20:31:00,20:00–22:00,Night
1437,22:43:00,22:00–00:00,Night
1438,05:36:00,04:00–06:00,Night
1439,01:04:00,00:00–02:00,Night
1440,19:02:00,18:00–20:00,Night
1441,08:03:00,08:00–10:00,Day
1442,18:28:00,18:00–20:00,Night
1443,23:01:00,22:00–00:00,Night
1444,01:26:00,00:00–02:00,Night
1445,04:01:00,04:00–06:00,Night
1446,18:24:00,18:00–20:00,Night
1447,01:36:00,00:00–02:00,Night
1448,06:36:00,06:00–08:00,Day
1449,02:01:00,02:00–04:00,Night
1450,05:28:00,04:00–06:00,Night
1451,07:36:00,06:00–08:00,Day
1452,06:21:00,06:00–08:00,Day
1453,05:43:00,04:00–06:00,Night
1454,17:43:00,16:00–18:00,Day
1455,10:51:00,10:00–12:00,Day
1456,08:33:00,08:00–10:00,Day
1457,00:34:00,00:00–02:00,Night
1458,03:47:00,02:00–04:00,Night
1459,06:14:00,06:00–08:00,Day
1460,00:39:00,00:00–02:00,Night
1461,01:43:00,00:00–02:00,Night
1462,05:11:00,04:00–06:00,Night
1463,02:46:00,02:00–04:00,Night
1464,03:37:00,02:00–04:00,Night
1465,09:46:00,08:00–10:00,Day
1466,01:46:00,00:00–02:00,Night
1467,04:46:00,04:00–06:00,Night
1468,08:41:00,08:00–10:00,Day
1469,04:52:00,04:00–06:00,Night
1470,08:02:00,08:00–10:00,Day
1471,02:32:00,02:00–04:00,Night
1472,04:41:00,04:00–06:00,Night
1473,01:58:00,00:00–02:00,Night
1474,03:22:00,02:00–04:00,Night
1475,03:17:00,02:00–04:00,Night
1476,15:01:00,14:00–16:00,Day
1477,11:23:00,10:00–12:00,Day
1478,01:47:00,00:00–02:00,Night
1479,05:19:00,04:00–06:00,Night
1480,04:47:00,04:00–06:00,Night
1481,04:13:00,04:00–06:00,Night
1482,03:01:00,02:00–04:00,Night
1483,13:01:00,12:00–14:00,Day
1484,03:26:00,02:00–04:00,Night
1485,03:21:00,02:00–04:00,Night
1486,20:21:00,20:00–22:00,Night
1487,00:47:00,00:00–02:00,Night
1488,05:29:00,04:00–06:00,Night
1489,12:41:00,12:00–14:00,Day
1490,20:23:00,20:00–22:00,Night
1491,03:52:00,02:00–04:00,Night
1492,13:36:00,12:00–14:00,Day
1493,21:11:00,20:00–22:00,Night
1494,23:02:00,22:00–00:00,Night
1495,03:06:00,02:00–04:00,Night
1496,03:53:00,02:00–04:00,Night
1497,01:32:00,00:00–02:00,Night
1498,22:56:00,22:00–00:00,Night
1499,07:12:00,06:00–08:00,Day
1500,03:24:00,02:00–04:00,Night
1501,22:59:00,22:00–00:00,Night
1502,21:36:00,20:00–22:00,Night
1503,09:33:00,08:00–10:00,Day
1504,03:58:00,02:00–04:00,Night
1505,00:38:00,00:00–02:00,Night
1506,04:34:00,04:00–06:00,Night
1507,05:24:00,04:00–06:00,Night
1508,09:21:00,08:00–10:00,Day
1509,10:02:00,10:00–12:00,Day
1510,06:38:00,06:00–08:00,Day
1511,22:24:00,22:00–00:00,Night
1512,04:18:00,04:00–06:00,Night
1513,06:02:00,06:00–08:00,Day
1514,02:29:00,02:00–04:00,Night
1515,18:31:00,18:00–20:00,Night
1516,07:41:00,06:00–08:00,Day
1517,02:23:00,02:00–04:00,Night
1518,02:53:00,02:00–04:00,Night
1519,03:36:00,02:00–04:00,Night
1520,05:08:00,04:00–06:00,Night
1521,22:34:00,22:00–00:00,Night
1522,19:52:00,18:00–20:00,Night
1523,03:04:00,02:00–04:00,Night
1524,23:21:00,22:00–00:00,Night
1525,01:56:00,00:00–02:00,Night
1526,01:21:00,00:00–02:00,Night
1527,04:27:00,04:00–06:00,Night
1528,23:51:00,22:00–00:00,Night
1529,08:54:00,08:00–10:00,Day
1530,03:42:00,02:00–04:00,Night
1531,22:33:00,22:00–00:00,Night
1532,06:57:00,06:00–08:00,Day
